{"zhujiexi": "http://api.vip123kan.vip/?url=",
"beiyongjiexi": "https://nbjx.vip/?url=",
"dianshizhibo": "http://116.62.110.252/ds.html",
"caijizhan": "http://xiaomaomi.cc/api.php",
"tiyuzhibo": "https://m.zhibo8.net",
"reci": "https://v.sogou.com",
"lunbofanye": "https://www.douyu.com/gapi/rkc/directory/mixList/2_208/",
"lunboqianzhui": "https://m.douyu.com",
"Home": {
"name": "主页资源",
"list": "http://television.wkfile.com/api.php/app/video?",
"detail": "http://television.wkfile.com/api.php/app/video_detail?id=",
"searchbefore": "http://television.wkfile.com/api.php/app/search?text=",
"searchlater": "&pg=1",
"extra": "&limit=20&pg=",
"suffix": "",
"play": "vod_url_with_player",
"dy": {
"key": "tid=1",
"class": "全部$&class=#喜剧$&class=喜剧#爱情$&class=爱情#动作$&class=动作#枪战$&class=枪战#犯罪$&class=犯罪#惊悚$&class=惊悚#恐怖$&class=恐怖#悬疑$&class=悬疑#动画$&class=动画#家庭$&class=家庭#奇幻$&class=奇幻#魔幻$&class=魔幻#科幻$&class=科幻#战争$&class=战争#青春$&class=青春#剧情$&class=剧情#西部$&class=西部#伦理$&class=伦理#纪录$&class=记录#音乐$&class=音乐#歌舞$&class=歌舞#运动$&class=运动#历史$&class=历史#武侠$&class=武侠#冒险$&class=冒险#传记$&class=传记",
"area": "全部$&area=#内地$&area=内地#香港$&area=香港#美国$&area=美国#欧洲$&area=欧洲#韩国$&area=韩国#日本$&area=日本#泰国$&area=泰国#印度$&area=印度#其它$&area=其它",
"year": "全部$&lang=&year=#2022$&lang=&year=2022#2021$&lang=&year=2021#2020$&lang=&year=2020#2019$&lang=&year=2019#2018$&lang=&year=2018#2017$&lang=&year=2017#2016-2011$&lang=&year=2016#2010-2000$&lang=&year=2010#90年代$&lang=&year=90#80年代$&lang=&year=80#更早$&lang=&year=70"
},
"dsj": {
"key": "tid=2",
"class": "全部$&class=#古装$&class=古装#言情$&class=言情#武侠$&class=武侠#偶像$&class=偶像#家庭$&class=家庭#青春$&class=青春#都市$&class=都市#喜剧$&class=喜剧#战争$&class=战争#军旅$&class=军旅#谍战$&class=谍战#悬疑$&class=悬疑#罪案$&class=罪案#穿越$&class=穿越#宫廷$&class=宫廷#历史$&class=历史#神话$&class=神话#科幻$&class=科幻#年代$&class=年代#农村$&class=农村#商战$&class=商战#剧情$&class=剧情#奇幻$&class=奇幻#网剧$&class=网剧#真人动漫$&class=真人动漫#体育电竞$&class=体育电竞",
"area": "全部$&area=#内地$&area=内地#香港$&area=香港#美国$&area=美国#英国$&area=英国#韩国$&area=韩国#日本$&area=日本#泰国$&area=泰国#台湾$&area=台湾#其它$&area=其它",
"year": "全部$&lang=&year=#2022$&lang=&year=2022#2021$&lang=&year=2021#2020$&lang=&year=2020#2019$&lang=&year=2019#2018$&lang=&year=2018#2017$&lang=&year=2017#2016-2011$&lang=&year=2016#2010-2000$&lang=&year=2010#90年代$&lang=&year=90#80年代$&lang=&year=80#更早$&lang=&year=70"
},
"zy": {
"key": "tid=3",
"class": "全部$&class=#表演$&class=表演#播报$&class=播报#访谈$&class=访谈#体验$&class=体验#养成$&class=养成#游戏$&class=游戏#亲子$&class=亲子#美食$&class=美食#情感$&class=情感#选秀$&class=选秀#益智$&class=益智#晚会$&class=晚会#音乐$&class=音乐#文化$&class=文化#喜剧$&class=喜剧#曲艺$&class=曲艺#职场$&class=职场#脱口秀$&class=脱口秀#真人秀$&class=真人秀#竞技$&class=竞技#潮流文化$&class=潮流文化#体育$&class=体育#资讯$&class=资讯#萌宠$&class=萌宠#生活服务$&class=生活服务",
"area": "全部$&area=#内地$&area=内地#香港$&area=香港#美国$&area=美国#韩国$&area=韩国#日本$&area=日本#台湾$&area=台湾",
"year": "全部$&lang=&year=#2022$&lang=&year=2022#2021$&lang=&year=2021#2020$&lang=&year=2020#2019$&lang=&year=2019#2018$&lang=&year=2018#2017$&lang=&year=2017#2016-2011$&lang=&year=2016#2010-2000$&lang=&year=2010#90年代$&lang=&year=90#80年代$&lang=&year=80#更早$&lang=&year=70"
},
"dm": {
"key": "tid=4",
"class": "全部$&class=#搞笑$&class=搞笑#番剧$&class=番剧#国创$&class=国创#大电影$&class=大电影#热血$&class=热血#催泪$&class=催泪#治愈$&class=治愈#励志$&class=励志#机战$&class=机战#战斗$&class=战斗#恋爱$&class=恋爱#科幻$&class=科幻#奇幻$&class=奇幻#魔幻$&class=魔幻#推理$&class=推理#校园$&class=校园#日常$&class=日常#经典$&class=经典#历史$&class=历史#美食$&class=美食#职场$&class=职场#偶像$&class=偶像#泡面$&class=泡面#冒险$&class=冒险#竞技$&class=竞技#合家欢$&class=合家欢#武侠$&class=武侠#玄幻$&class=玄幻",
"area": "全部$&area=#内地$&area=内地#日本$&area=日本#欧美$&area=欧美#其它$&area=其它",
"year": "全部$&lang=&year=#2022$&lang=&year=2022#2021$&lang=&year=2021#2020$&lang=&year=2020#2019$&lang=&year=2019#2018$&lang=&year=2018#2017$&lang=&year=2017#2016-2011$&lang=&year=2016#2010-2000$&lang=&year=2010#90年代$&lang=&year=90#80年代$&lang=&year=80#更早$&lang=&year=70"
}
},
"zidingyi": {"name": "自定义神马接口",
"tihuan": "cnzz.com",
"url": "https://www.smdyy.cc",
"fenlei": "热播剧集$/show/2--hits------#热播电影$/show/1--hits------#综艺$/show/3--------#动漫$/show/4--------#少儿片库$/show/33--------#动作片$/show/6--------#喜剧片$/show/7--------#爱情片$/show/8--------#科幻片$/show/9--------#记录片$/show/26--------#恐怖片$/show/10--------#剧情片$/show/11--------#战争片$/show/12--------#惊悚片$/show/21--------#国产剧$/show/13--------#港台剧$/show/14--------#日韩剧$/show/15--------#欧美剧$/show/16--------#泰国剧$/show/28--------",
"houzhui": "---.html",
"shifouercijiequ": "0",
"jiequqian": "空",
"jiequhou": "空",
"jiequshuzuqian": "class=\"module-item-pic\"",
"jiequshuzuhou": "class=\"loading\"",
"tupianqian": "data-src=\"",
"tupianhou": "\"",
"biaotiqian": "title=\"",
"biaotihou": "\"",
"lianjieqian": "href=\"",
"lianjiehou": "\"",
"sousuoqian": "/index.php/ajax/suggest?mid=1&wd=",
"sousuohou": "&limit=500",
"sousuohouzhui": "/kan/",
"ssmoshi": "0",
"sousuoshifouercijiequ": "0",
"jspic": "pic",
"jsname": "name",
"jsid": "id",
"ssjiequqian": "空",
"ssjiequhou": "空",
"ssjiequshuzuqian": "空",
"ssjiequshuzuhou": "空",
"sstupianqian": "空",
"sstupianhou": "空",
"ssbiaotiqian": "空",
"ssbiaotihou": "空",
"sslianjieqian": "空",
"sslianjiehou": "空",
"bfshifouercijiequ": "0",
"bfjiequqian": "空",
"bfjiequhou": "空",
"bfjiequshuzuqian": "class=\"scroll-content\"",
"bfjiequshuzuhou": "</div>",
"zhuangtaiqian": "集数：</span>",
"zhuangtaihou": "</div>",
"daoyanqian": "导演：</span>",
"daoyanhou": "</div>",
"zhuyanqian": "主演：</span>",
"zhuyanhou": "</div>",
"juqingqian": "class=\"video-info-item video-info-content vod_content\">",
"juqinghou": "</span>",
"bfyshifouercijiequ": "0",
"bfyjiequqian": "空",
"bfyjiequhou": "空",
"bfyjiequshuzuqian": "<a",
"bfyjiequshuzuhou": "</a>",
"bfbiaotiqian": "<span>",
"bfbiaotihou": "</span>",
"bflianjieqian": "href=\"",
"bflianjiehou": "\""}}